{
  "wcid": 34306,
  "weenieType": 10,
  "body": {
    "body_part_table": [
      {
        "key": 0,
        "value": {
          "dtype": 8,
          "dval": 3,
          "dvar": 0.5,
          "acache": {
            "base_armor": 20,
            "armor_vs_slash": 20,
            "armor_vs_pierce": 20,
            "armor_vs_bludgeon": 20,
            "armor_vs_cold": 20,
            "armor_vs_fire": 20,
            "armor_vs_acid": 20,
            "armor_vs_electric": 20,
            "armor_vs_nether": 0
          },
          "bh": 1,
          "bpsd": {
            "HLF": 0.20000000298023224,
            "MLF": 0.20000000298023224,
            "LLF": 0.20000000298023224,
            "HRF": 0.20000000298023224,
            "MRF": 0.20000000298023224,
            "LRF": 0.20000000298023224,
            "HLB": 0.20000000298023224,
            "MLB": 0.20000000298023224,
            "LLB": 0.20000000298023224,
            "HRB": 0.20000000298023224,
            "MRB": 0.20000000298023224,
            "LRB": 0.20000000298023224
          }
        }
      },
      {
        "key": 16,
        "value": {
          "dtype": 64,
          "dval": 3,
          "dvar": 0.5,
          "acache": {
            "base_armor": 20,
            "armor_vs_slash": 20,
            "armor_vs_pierce": 20,
            "armor_vs_bludgeon": 20,
            "armor_vs_cold": 20,
            "armor_vs_fire": 20,
            "armor_vs_acid": 20,
            "armor_vs_electric": 20,
            "armor_vs_nether": 0
          },
          "bh": 2,
          "bpsd": {
            "HLF": 0.4000000059604645,
            "MLF": 0.4000000059604645,
            "LLF": 0.4000000059604645,
            "HRF": 0.4000000059604645,
            "MRF": 0.4000000059604645,
            "LRF": 0.4000000059604645,
            "HLB": 0.4000000059604645,
            "MLB": 0.4000000059604645,
            "LLB": 0.4000000059604645,
            "HRB": 0.4000000059604645,
            "MRB": 0.4000000059604645,
            "LRB": 0.4000000059604645
          }
        }
      },
      {
        "key": 17,
        "value": {
          "dtype": 64,
          "dval": 3,
          "dvar": 0.75,
          "acache": {
            "base_armor": 20,
            "armor_vs_slash": 20,
            "armor_vs_pierce": 20,
            "armor_vs_bludgeon": 20,
            "armor_vs_cold": 20,
            "armor_vs_fire": 20,
            "armor_vs_acid": 20,
            "armor_vs_electric": 20,
            "armor_vs_nether": 0
          },
          "bh": 2,
          "bpsd": {
            "HLF": 0.20000000298023224,
            "MLF": 0.20000000298023224,
            "LLF": 0.20000000298023224,
            "HRF": 0.20000000298023224,
            "MRF": 0.20000000298023224,
            "LRF": 0.20000000298023224,
            "HLB": 0.20000000298023224,
            "MLB": 0.20000000298023224,
            "LLB": 0.20000000298023224,
            "HRB": 0.20000000298023224,
            "MRB": 0.20000000298023224,
            "LRB": 0.20000000298023224
          }
        }
      },
      {
        "key": 21,
        "value": {
          "dtype": 64,
          "dval": 3,
          "dvar": 0.5,
          "acache": {
            "base_armor": 10,
            "armor_vs_slash": 10,
            "armor_vs_pierce": 10,
            "armor_vs_bludgeon": 10,
            "armor_vs_cold": 10,
            "armor_vs_fire": 10,
            "armor_vs_acid": 10,
            "armor_vs_electric": 10,
            "armor_vs_nether": 0
          },
          "bh": 2,
          "bpsd": {
            "HLF": 0.20000000298023224,
            "MLF": 0.20000000298023224,
            "LLF": 0.20000000298023224,
            "HRF": 0.20000000298023224,
            "MRF": 0.20000000298023224,
            "LRF": 0.20000000298023224,
            "HLB": 0.20000000298023224,
            "MLB": 0.20000000298023224,
            "LLB": 0.20000000298023224,
            "HRB": 0.20000000298023224,
            "MRB": 0.20000000298023224,
            "LRB": 0.20000000298023224
          }
        }
      }
    ]
  },
  "boolStats": [
    {
      "key": 1,
      "value": 1
    },
    {
      "key": 8,
      "value": 1
    },
    {
      "key": 12,
      "value": 1
    },
    {
      "key": 13,
      "value": 0
    },
    {
      "key": 19,
      "value": 0
    },
    {
      "key": 52,
      "value": 1
    },
    {
      "key": 82,
      "value": 1
    },
    {
      "key": 83,
      "value": 1
    },
    {
      "key": 90,
      "value": 1
    }
  ],
  "intStats": [
    {
      "key": 1,
      "value": 16
    },
    {
      "key": 6,
      "value": -1
    },
    {
      "key": 7,
      "value": -1
    },
    {
      "key": 16,
      "value": 32
    },
    {
      "key": 93,
      "value": 6292504
    },
    {
      "key": 95,
      "value": 3
    }
  ],
  "didStats": [
    {
      "key": 1,
      "value": 33560147
    },
    {
      "key": 2,
      "value": 150995261
    },
    {
      "key": 3,
      "value": 536870933
    },
    {
      "key": 8,
      "value": 100675788
    }
  ],
  "iidStats": [],
  "floatStats": [
    {
      "key": 54,
      "value": 3.0
    }
  ],
  "int64Stats": [],
  "stringStats": [
    {
      "key": 1,
      "value": "Altar of Urdhinivix"
    },
    {
      "key": 16,
      "value": "This altar seems to glow with an unholy light. It seems to be consecrated to a being named Urdhinivix."
    }
  ],
  "createList": [
    {
      "wcid": 2630,
      "palette": 88,
      "shade": 0.0,
      "destination": 2,
      "stack_size": 0,
      "try_to_bond": 0
    }
  ],
  "skills": [
    {
      "key": 31,
      "value": {
        "level_from_pp": 0,
        "last_used_time": 0.0,
        "init_level": 500,
        "pp": 0,
        "resistance_of_last_check": 0,
        "sac": 3
      }
    },
    {
      "key": 32,
      "value": {
        "level_from_pp": 0,
        "last_used_time": 0.0,
        "init_level": 500,
        "pp": 0,
        "resistance_of_last_check": 0,
        "sac": 3
      }
    },
    {
      "key": 33,
      "value": {
        "level_from_pp": 0,
        "last_used_time": 0.0,
        "init_level": 500,
        "pp": 0,
        "resistance_of_last_check": 0,
        "sac": 3
      }
    },
    {
      "key": 34,
      "value": {
        "level_from_pp": 0,
        "last_used_time": 0.0,
        "init_level": 500,
        "pp": 0,
        "resistance_of_last_check": 0,
        "sac": 3
      }
    }
  ],
  "emoteTable": [
    {
      "key": 6,
      "value": [
        {
          "category": 6,
          "emotes": [
            {
              "type": 18,
              "delay": 0.0,
              "extent": 1.0,
              "msg": "The altar is pleased with your offering, and you feel an unsettling sense of cold infusing your heart. You sink to your knees, compelled by a force you cannot name."
            },
            {
              "type": 22,
              "delay": 0.0,
              "extent": 1.0,
              "msg": "SoulHuntersChamberFlag_1106"
            }
          ],
          "probability": 1.0,
          "classID": 34309
        }
      ]
    },
    {
      "key": 7,
      "value": [
        {
          "category": 7,
          "emotes": [
            {
              "type": 18,
              "delay": 0.0,
              "extent": 1.0,
              "msg": "This altar guards the portal to the Soul Hunter's quarters. It seems to vibrate with a malevolent presence, and you cannot help but sense a powerful thirst for blood emanating from it."
            }
          ],
          "probability": 1.0
        }
      ]
    }
  ],
  "changelog": [
    {
      "created": "2023-07-12T22:08:36.4971351Z",
      "author": "ACE.Adapter",
      "comment": "Weenie exported from ACEmulator world database using ACE.Adapter"
    }
  ],
  "isDone": false
}