{
  "wcid": 38387,
  "weenieType": 10,
  "body": {
    "body_part_table": [
      {
        "key": 0,
        "value": {
          "dtype": 8,
          "dval": 3,
          "dvar": 0.5,
          "acache": {
            "base_armor": 20,
            "armor_vs_slash": 20,
            "armor_vs_pierce": 20,
            "armor_vs_bludgeon": 20,
            "armor_vs_cold": 20,
            "armor_vs_fire": 20,
            "armor_vs_acid": 20,
            "armor_vs_electric": 20,
            "armor_vs_nether": 0
          },
          "bh": 1,
          "bpsd": {
            "HLF": 0.20000000298023224,
            "MLF": 0.20000000298023224,
            "LLF": 0.20000000298023224,
            "HRF": 0.20000000298023224,
            "MRF": 0.20000000298023224,
            "LRF": 0.20000000298023224,
            "HLB": 0.20000000298023224,
            "MLB": 0.20000000298023224,
            "LLB": 0.20000000298023224,
            "HRB": 0.20000000298023224,
            "MRB": 0.20000000298023224,
            "LRB": 0.20000000298023224
          }
        }
      },
      {
        "key": 16,
        "value": {
          "dtype": 64,
          "dval": 3,
          "dvar": 0.5,
          "acache": {
            "base_armor": 20,
            "armor_vs_slash": 20,
            "armor_vs_pierce": 20,
            "armor_vs_bludgeon": 20,
            "armor_vs_cold": 20,
            "armor_vs_fire": 20,
            "armor_vs_acid": 20,
            "armor_vs_electric": 20,
            "armor_vs_nether": 0
          },
          "bh": 2,
          "bpsd": {
            "HLF": 0.4000000059604645,
            "MLF": 0.4000000059604645,
            "LLF": 0.4000000059604645,
            "HRF": 0.4000000059604645,
            "MRF": 0.4000000059604645,
            "LRF": 0.4000000059604645,
            "HLB": 0.4000000059604645,
            "MLB": 0.4000000059604645,
            "LLB": 0.4000000059604645,
            "HRB": 0.4000000059604645,
            "MRB": 0.4000000059604645,
            "LRB": 0.4000000059604645
          }
        }
      },
      {
        "key": 17,
        "value": {
          "dtype": 64,
          "dval": 3,
          "dvar": 0.75,
          "acache": {
            "base_armor": 20,
            "armor_vs_slash": 20,
            "armor_vs_pierce": 20,
            "armor_vs_bludgeon": 20,
            "armor_vs_cold": 20,
            "armor_vs_fire": 20,
            "armor_vs_acid": 20,
            "armor_vs_electric": 20,
            "armor_vs_nether": 0
          },
          "bh": 2,
          "bpsd": {
            "HLF": 0.20000000298023224,
            "MLF": 0.20000000298023224,
            "LLF": 0.20000000298023224,
            "HRF": 0.20000000298023224,
            "MRF": 0.20000000298023224,
            "LRF": 0.20000000298023224,
            "HLB": 0.20000000298023224,
            "MLB": 0.20000000298023224,
            "LLB": 0.20000000298023224,
            "HRB": 0.20000000298023224,
            "MRB": 0.20000000298023224,
            "LRB": 0.20000000298023224
          }
        }
      },
      {
        "key": 21,
        "value": {
          "dtype": 64,
          "dval": 3,
          "dvar": 0.5,
          "acache": {
            "base_armor": 10,
            "armor_vs_slash": 10,
            "armor_vs_pierce": 10,
            "armor_vs_bludgeon": 10,
            "armor_vs_cold": 10,
            "armor_vs_fire": 10,
            "armor_vs_acid": 10,
            "armor_vs_electric": 10,
            "armor_vs_nether": 0
          },
          "bh": 2,
          "bpsd": {
            "HLF": 0.20000000298023224,
            "MLF": 0.20000000298023224,
            "LLF": 0.20000000298023224,
            "HRF": 0.20000000298023224,
            "MRF": 0.20000000298023224,
            "LRF": 0.20000000298023224,
            "HLB": 0.20000000298023224,
            "MLB": 0.20000000298023224,
            "LLB": 0.20000000298023224,
            "HRB": 0.20000000298023224,
            "MRB": 0.20000000298023224,
            "LRB": 0.20000000298023224
          }
        }
      }
    ]
  },
  "boolStats": [
    {
      "key": 1,
      "value": 1
    },
    {
      "key": 8,
      "value": 1
    },
    {
      "key": 12,
      "value": 1
    },
    {
      "key": 13,
      "value": 0
    },
    {
      "key": 19,
      "value": 0
    },
    {
      "key": 41,
      "value": 1
    },
    {
      "key": 42,
      "value": 1
    },
    {
      "key": 52,
      "value": 1
    },
    {
      "key": 82,
      "value": 1
    },
    {
      "key": 83,
      "value": 1
    },
    {
      "key": 90,
      "value": 1
    }
  ],
  "intStats": [
    {
      "key": 1,
      "value": 16
    },
    {
      "key": 6,
      "value": -1
    },
    {
      "key": 7,
      "value": -1
    },
    {
      "key": 16,
      "value": 32
    },
    {
      "key": 93,
      "value": 6292504
    },
    {
      "key": 95,
      "value": 3
    }
  ],
  "didStats": [
    {
      "key": 1,
      "value": 33560649
    },
    {
      "key": 2,
      "value": 150995147
    },
    {
      "key": 3,
      "value": 536871017
    },
    {
      "key": 8,
      "value": 100676403
    },
    {
      "key": 22,
      "value": 872415369
    }
  ],
  "iidStats": [],
  "floatStats": [
    {
      "key": 54,
      "value": 0.2
    }
  ],
  "int64Stats": [],
  "stringStats": [
    {
      "key": 1,
      "value": "Corrupted Mana Shard"
    },
    {
      "key": 16,
      "value": "A large Mana Shard, corrupted by the foul magics of T'thuun."
    }
  ],
  "createList": [
    {
      "wcid": 2630,
      "palette": 88,
      "shade": 0.0,
      "destination": 2,
      "stack_size": 0,
      "try_to_bond": 0
    }
  ],
  "skills": [
    {
      "key": 31,
      "value": {
        "level_from_pp": 0,
        "last_used_time": 1790.2651,
        "init_level": 500,
        "pp": 0,
        "resistance_of_last_check": 0,
        "sac": 3
      }
    },
    {
      "key": 32,
      "value": {
        "level_from_pp": 0,
        "last_used_time": 1790.2651,
        "init_level": 500,
        "pp": 0,
        "resistance_of_last_check": 0,
        "sac": 3
      }
    },
    {
      "key": 33,
      "value": {
        "level_from_pp": 0,
        "last_used_time": 1790.2651,
        "init_level": 500,
        "pp": 0,
        "resistance_of_last_check": 0,
        "sac": 3
      }
    },
    {
      "key": 34,
      "value": {
        "level_from_pp": 0,
        "last_used_time": 1790.2651,
        "init_level": 500,
        "pp": 0,
        "resistance_of_last_check": 0,
        "sac": 3
      }
    }
  ],
  "emoteTable": [
    {
      "key": 7,
      "value": [
        {
          "category": 7,
          "emotes": [
            {
              "type": 21,
              "delay": 0.0,
              "extent": 1.0,
              "msg": "CanPickupCorruptedManaShard"
            }
          ],
          "probability": 1.0
        }
      ]
    },
    {
      "key": 12,
      "value": [
        {
          "category": 12,
          "emotes": [
            {
              "type": 52,
              "delay": 0.0,
              "extent": 1.0,
              "motion": 318767236
            },
            {
              "type": 13,
              "delay": 1.0,
              "extent": 1.0,
              "msg": "As you take the Corrupted Mana Shard, a blast of energy erupts from the center of the shard and washes over the protective magics placed upon you."
            },
            {
              "type": 3,
              "delay": 0.0,
              "extent": 1.0,
              "cprof": {
                "wcid": 80306,
                "palette": 0,
                "shade": 0.0,
                "destination": 0,
                "stack_size": 1,
                "try_to_bond": 0
              }
            },
            {
              "type": 31,
              "delay": 0.0,
              "extent": 1.0,