{
  "wcid": 9100,
  "weenieType": 10,
  "attributes": {
    "strength": {
      "cp_spent": 0,
      "level_from_cp": 0,
      "init_level": 10
    },
    "endurance": {
      "cp_spent": 0,
      "level_from_cp": 0,
      "init_level": 10
    },
    "coordination": {
      "cp_spent": 0,
      "level_from_cp": 0,
      "init_level": 10
    },
    "quickness": {
      "cp_spent": 0,
      "level_from_cp": 0,
      "init_level": 10
    },
    "focus": {
      "cp_spent": 0,
      "level_from_cp": 0,
      "init_level": 100
    },
    "self": {
      "cp_spent": 0,
      "level_from_cp": 0,
      "init_level": 100
    },
    "health": {
      "cp_spent": 0,
      "level_from_cp": 0,
      "init_level": 110,
      "current": 115
    },
    "stamina": {
      "cp_spent": 0,
      "level_from_cp": 0,
      "init_level": 200,
      "current": 210
    },
    "mana": {
      "cp_spent": 0,
      "level_from_cp": 0,
      "init_level": 300,
      "current": 400
    }
  },
  "body": {
    "body_part_table": [
      {
        "key": 0,
        "value": {
          "dtype": 8,
          "dval": 3,
          "dvar": 0.5,
          "acache": {
            "base_armor": 9000,
            "armor_vs_slash": 1800000,
            "armor_vs_pierce": 1800000,
            "armor_vs_bludgeon": 1800000,
            "armor_vs_cold": 1800000,
            "armor_vs_fire": 1800000,
            "armor_vs_acid": 1800000,
            "armor_vs_electric": 1800000,
            "armor_vs_nether": 0
          },
          "bh": 1,
          "bpsd": {
            "HLF": 0.20000000298023224,
            "MLF": 0.20000000298023224,
            "LLF": 0.20000000298023224,
            "HRF": 0.20000000298023224,
            "MRF": 0.20000000298023224,
            "LRF": 0.20000000298023224,
            "HLB": 0.20000000298023224,
            "MLB": 0.20000000298023224,
            "LLB": 0.20000000298023224,
            "HRB": 0.20000000298023224,
            "MRB": 0.20000000298023224,
            "LRB": 0.20000000298023224
          }
        }
      },
      {
        "key": 16,
        "value": {
          "dtype": 64,
          "dval": 0,
          "dvar": 0.0,
          "acache": {
            "base_armor": 9000,
            "armor_vs_slash": 1800000,
            "armor_vs_pierce": 1800000,
            "armor_vs_bludgeon": 1800000,
            "armor_vs_cold": 1800000,
            "armor_vs_fire": 1800000,
            "armor_vs_acid": 1800000,
            "armor_vs_electric": 1800000,
            "armor_vs_nether": 0
          },
          "bh": 2,
          "bpsd": {
            "HLF": 0.4000000059604645,
            "MLF": 0.4000000059604645,
            "LLF": 0.4000000059604645,
            "HRF": 0.4000000059604645,
            "MRF": 0.4000000059604645,
            "LRF": 0.4000000059604645,
            "HLB": 0.4000000059604645,
            "MLB": 0.4000000059604645,
            "LLB": 0.4000000059604645,
            "HRB": 0.4000000059604645,
            "MRB": 0.4000000059604645,
            "LRB": 0.4000000059604645
          }
        }
      },
      {
        "key": 17,
        "value": {
          "dtype": 64,
          "dval": 3,
          "dvar": 0.75,
          "acache": {
            "base_armor": 9000,
            "armor_vs_slash": 1800000,
            "armor_vs_pierce": 1800000,
            "armor_vs_bludgeon": 1800000,
            "armor_vs_cold": 1800000,
            "armor_vs_fire": 1800000,
            "armor_vs_acid": 1800000,
            "armor_vs_electric": 1800000,
            "armor_vs_nether": 0
          },
          "bh": 2,
          "bpsd": {
            "HLF": 0.20000000298023224,
            "MLF": 0.20000000298023224,
            "LLF": 0.20000000298023224,
            "HRF": 0.20000000298023224,
            "MRF": 0.20000000298023224,
            "LRF": 0.20000000298023224,
            "HLB": 0.20000000298023224,
            "MLB": 0.20000000298023224,
            "LLB": 0.20000000298023224,
            "HRB": 0.20000000298023224,
            "MRB": 0.20000000298023224,
            "LRB": 0.20000000298023224
          }
        }
      },
      {
        "key": 21,
        "value": {
          "dtype": 64,
          "dval": 0,
          "dvar": 0.0,
          "acache": {
            "base_armor": 9000,
            "armor_vs_slash": 1800000,
            "armor_vs_pierce": 1800000,
            "armor_vs_bludgeon": 1800000,
            "armor_vs_cold": 1800000,
            "armor_vs_fire": 1800000,
            "armor_vs_acid": 1800000,
            "armor_vs_electric": 1800000,
            "armor_vs_nether": 0
          },
          "bh": 2,
          "bpsd": {
            "HLF": 0.20000000298023224,
            "MLF": 0.20000000298023224,
            "LLF": 0.20000000298023224,
            "HRF": 0.20000000298023224,
            "MRF": 0.20000000298023224,
            "LRF": 0.20000000298023224,
            "HLB": 0.20000000298023224,
            "MLB": 0.20000000298023224,
            "LLB": 0.20000000298023224,
            "HRB": 0.20000000298023224,
            "MRB": 0.20000000298023224,
            "LRB": 0.20000000298023224
          }
        }
      }
    ]
  },
  "boolStats": [
    {
      "key": 1,
      "value": 1
    },
    {
      "key": 6,
      "value": 0
    },
    {
      "key": 11,
      "value": 0
    },
    {
      "key": 12,
      "value": 1
    },
    {
      "key": 13,
      "value": 1
    },
    {
      "key": 14,
      "value": 1
    },
    {
      "key": 19,
      "value": 1
    },
    {
      "key": 29,
      "value": 1
    },
    {
      "key": 50,
      "value": 1
    },
    {
      "key": 52,
      "value": 1
    }
  ],
  "intStats": [
    {
      "key": 1,
      "value": 16
    },
    {
      "key": 2,
      "value": 40
    },
    {
      "key": 6,
      "value": -1
    },
    {
      "key": 7,
      "value": -1
    },
    {
      "key": 16,
      "value": 1
    },
    {
      "key": 25,
      "value": 100
    },
    {
      "key": 27,
      "value": 0
    },
    {
      "key": 40,
      "value": 2
    },
    {
      "key": 68,
      "value": 1
    },
    {
      "key": 72,
      "value": 2
    },
    {
      "key": 93,
      "value": 1036
    },
    {
      "key": 133,
      "value": 3
    },
    {
      "key": 146,
      "value": 80000
    }
  ],
  "didStats": [
    {
      "key": 1,
      "value": 33556633
    },
    {
      "key": 2,
      "value": 150994993
    },
    {
      "key": 3,
      "value": 536871006
    },
    {
      "key": 4,
      "value": 805306398
    },
    {
      "key": 8,
      "value": 100668442
    },
    {
      "key": 22,
      "value": 872415274
    }
  ],
  "iidStats": [],
  "floatStats": [
    {
      "key": 1,
      "value": 5.0
    },
    {
      "key": 2,
      "value": 0.0
    },
    {
      "key": 3,
      "value": 0.4
    },
    {
      "key": 4,
      "value": 5.0
    },
    {
      "key": 5,
      "value": 1.0
    },
    {
      "key": 13,
      "value": 200.0
    },
    {
      "key": 14,
      "value": 200.0
    },
    {
      "key": 15,
      "value": 200.0
    },
    {
      "key": 16,
      "value": 200.0
    },
    {
      "key": 17,
      "value": 200.0
    },
    {
      "key": 18,
      "value": 200.0
    },
    {
      "key": 19,
      "value": 200.0
    },
    {
      "key": 31,
      "value": 25.0
    },
    {
      "key": 34,
      "value": 1.0
    },
    {
      "key": 36,
      "value": 1.0
    },
    {
      "key": 39,
      "value": 0.8
    },
    {
      "key": 64,
      "value": 1.0
    },
    {
      "key": 65,
      "value": 1.0
    },
    {
      "key": 66,
      "value": 1.0
    },
    {
      "key": 67,
      "value": 0.3
    },
    {
      "key": 68,
      "value": 0.0
    },
    {
      "key": 69,
      "value": 0.3
    },
    {
      "key": 70,
      "value": 0.8
    },
    {
      "key": 71,
      "value": 1.0
    },
    {
      "key": 72,
      "value": 1.0
    },
    {
      "key": 73,
      "value": 1.0
    },
    {
      "key": 74,